"id,case_id,old_channel_id,drive_folder_id,error_message,failed_at"
"1,7,e9696f6e-e780-426c-ac90-6e18167e7214,1aMOAEI_GtJXJdXtPrhdWkO2IunWmLx-U,Rate limit exceeded for creating file subscriptions.,2026-05-30 15:02:26.295002+00"
"2,7,45ef67c3-3cb8-4d1f-b645-6f401be87129,1Hd2WoJNdgWROnRR7q3nyBQQOPT2DseT_,Rate limit exceeded for creating file subscriptions.,2026-05-30 15:02:26.921922+00"
"3,7,b4167896-e514-45e7-960a-5b00b9604eb3,1RwW6IzgRGaxEJIWKmbHX__uZX2Bs8gdm,Rate limit exceeded for creating file subscriptions.,2026-05-30 15:02:27.722164+00"
"4,8,903b9881-41bc-4500-882b-e3eb4cab7aea,1yTldmRyY8vx4mWe2SlENgdOv9HSGBitm,Rate limit exceeded for creating file subscriptions.,2026-05-30 15:02:28.421902+00"
"5,8,52289686-c889-4f4b-ac25-7d3b8fb2f4a6,1kQqZa3-68tY6MRvpTS0dw4QzxQyRTBT-,Rate limit exceeded for creating file subscriptions.,2026-05-30 15:02:29.722756+00"
"6,7,f67250b4-5dd2-416f-adab-f48e56f56674,1-cL-eDyN7ffeyyxEnUlCenq8ZM2ow8Hc,Rate limit exceeded for creating file subscriptions.,2026-05-30 15:02:30.428097+00"
"7,8,c3db946e-eb7c-4032-8b7c-98daea7a8d1d,1CPbtL1HffDur9c1CrEayAaqxZNy-3gio,Rate limit exceeded for creating file subscriptions.,2026-05-30 15:02:30.721646+00"
"8,8,a2742d2c-f268-41d7-820e-e1fde7c686a8,1AiVWuSDxNURZJxTaTp8PCfVxIgRL31RO,Rate limit exceeded for creating file subscriptions.,2026-05-30 15:02:31.52183+00"
"9,7,b55be7da-5bec-406b-aabb-f21721367e8a,1-f1A-Gm9hm5t-jBW8Q-fky-FhPmasaiS,Rate limit exceeded for creating file subscriptions.,2026-05-30 15:02:32.026439+00"
"10,8,e1313aca-5399-4d7d-852f-ba38da8e5dfe,153vQRVlAqRDq-QUI353DcVhU0K6pVAmt,Rate limit exceeded for creating file subscriptions.,2026-05-30 15:02:32.221387+00"
"11,8,9c7196ed-2a19-4bb4-a61e-85a37da15b9b,10c5QHwyxi8oZ_VPuqGf2STDoSdm-dD7E,Rate limit exceeded for creating file subscriptions.,2026-05-30 15:02:33.121333+00"
"12,7,cf5709a2-78de-4e7a-a7db-70180ed6c430,1KxDr1c1WHVkB0e5R7nR9irpmHHltEyzL,Rate limit exceeded for creating file subscriptions.,2026-05-30 15:02:33.627697+00"
"13,8,29393aab-85a5-4dc9-b495-b8e3322ba553,1ZqQf705CmkysY9Y8lCpw9CfzGMmvYRYS,Rate limit exceeded for creating file subscriptions.,2026-05-30 15:02:34.420944+00"
"14,7,33c5b481-0895-41e3-87e6-361e576525b5,1KZ8bLj2HexXAlnhxFQJ-EXRsgu86tl2Y,Rate limit exceeded for creating file subscriptions.,2026-05-30 15:02:35.027675+00"
"15,8,ae52d143-ddee-4318-9414-02ca87f6d2a0,1Wtoe48_Unig414jPXRgSCdE_wUL4OV0K,Rate limit exceeded for creating file subscriptions.,2026-05-30 15:02:35.221528+00"
"16,8,e0bfeda7-1805-4790-9789-78aef40d865a,1UkjBCmb78R_UFmb04tRDFiYG4GUGRxHz,Rate limit exceeded for creating file subscriptions.,2026-05-30 15:02:35.921154+00"
"17,7,102c14ec-cbb7-422b-bbcb-e322883c56f5,1GgCikz-cPalMeQjQIzqcP9p-XJZi_a_S,Rate limit exceeded for creating file subscriptions.,2026-05-30 15:02:36.428212+00"
"18,8,cfcc4ee1-f64f-45e5-b50b-782b67e37fac,1ROmUBqXEFtvXw04NIAx-DEwJ_9jHEHCT,Rate limit exceeded for creating file subscriptions.,2026-05-30 15:02:37.221245+00"
"19,7,7165860f-8ff4-42aa-a7f0-0487152cc546,1s0oyme60P4L7_-mD6Y5GxSGp6VOHXh3e,Rate limit exceeded for creating file subscriptions.,2026-05-30 15:02:38.627647+00"
"20,8,6b7309ad-1ed4-4f8b-b607-7a033dce86e4,17VLI_2Waee8wiveFW6LzoAm8kVsk4qsb,Rate limit exceeded for creating file subscriptions.,2026-05-30 15:02:39.121506+00"
"21,7,efb3ba83-a642-446f-8ffa-6dc846508231,1n3Bq1gbPvwK1fYN0vJYJskCYLlkok5vC,Rate limit exceeded for creating file subscriptions.,2026-05-30 15:02:39.727482+00"
"22,8,a614f38b-e545-49fa-8c93-cd0b0f9e2439,1jMSIwpMoihX_9fTX1laCqDkSKakI07yh,Rate limit exceeded for creating file subscriptions.,2026-05-30 15:02:40.321664+00"
"23,8,e0360959-6bb7-4cb9-a08d-4301911c742a,1Z33aBq-_9PTq1QLHNheqCuR0CmXAIs8a,Rate limit exceeded for creating file subscriptions.,2026-05-30 15:02:41.121703+00"
"24,7,00494e00-b0dc-426d-a56d-30f04e10fb0f,1G9eYPkn2uHK65rleapc1DY3bSgFT5ZWB,Rate limit exceeded for creating file subscriptions.,2026-05-30 15:02:41.427137+00"
"25,8,336a338f-2754-4263-a577-c1cb80f47d20,1OBbClg_2dMcgc6HhQimpGRCKRs40_z9P,Rate limit exceeded for creating file subscriptions.,2026-05-30 15:02:42.121965+00"
"26,8,01cb2661-3150-41f7-bfa5-d8e3c66ab497,15QYpD4Kb_iGu9fWC-cv9lfyDBZnTikL6,Rate limit exceeded for creating file subscriptions.,2026-05-30 15:02:42.821947+00"
"27,7,6f938c5e-a6b4-409d-b537-ecdb4d4e7cac,1Y2an0UELMe546kUYnSwfainLV0t7tibf,Rate limit exceeded for creating file subscriptions.,2026-05-30 15:02:43.227983+00"
"28,8,e3090460-6780-4f5e-af19-81609a0e47b3,1zLBCOt_FeYvJ7CgS0ZoUE06fM4L2pgRn,Rate limit exceeded for creating file subscriptions.,2026-05-30 15:02:43.822117+00"
"29,7,974980b1-06bc-42d4-8a61-bf94147314a2,1DhB1EpPU19gVx-52TYt7hqLOBCWkyqOy,Rate limit exceeded for creating file subscriptions.,2026-05-30 15:02:44.627426+00"
"30,8,a24ab260-346a-47a4-a024-4dd6d4d4b046,18adHmdIC3KXjkPEIZ5b90QgteHWdRLTW,Rate limit exceeded for creating file subscriptions.,2026-05-30 15:02:44.821878+00"
"31,7,6195068e-aa56-4f11-976a-4e2763b88c9a,17Wa1xulqmpCyLZZaYzgU0euMHS816DRU,Rate limit exceeded for creating file subscriptions.,2026-05-30 15:02:45.627583+00"
"32,8,aba69511-dca2-479d-a674-bdd74314893f,1xAOJEOMl_iMPqJ0Ytz6GVkA7MFZioFMo,Rate limit exceeded for creating file subscriptions.,2026-05-30 15:02:45.822046+00"
"33,8,6a7b4cfd-b9ce-4324-a775-8d5a3ed9e462,18s3FMi-WTkNwrRH4fk8n2uVlW87PVQjh,Rate limit exceeded for creating file subscriptions.,2026-05-30 15:02:46.52203+00"
"34,7,0b34239e-6034-4018-8373-fbcfdc60ef31,1ZVhPsV42n2soqhGLs2eQvRo8CS_9DYeH,Rate limit exceeded for creating file subscriptions.,2026-05-30 15:02:47.42603+00"
"35,7,401f82b5-b306-4a15-8f15-31aa0fd49ca2,1EuYAO1QV96gRNnEFnufzh0wMne_O7HoV,Rate limit exceeded for creating file subscriptions.,2026-05-30 15:02:48.427795+00"
"36,7,be97d4d9-c085-48f5-a018-0c683839f69d,1X9GADIF-9K6FbYI6fXTkxT3OFZD4Q-ri,Rate limit exceeded for creating file subscriptions.,2026-05-30 15:02:49.427181+00"
"37,7,d7688ed5-379b-4fa3-aabf-1a71826ae56d,1-lfDzZ7tfuMtJHmmsO-rsvVOWCvMKYVj,Rate limit exceeded for creating file subscriptions.,2026-05-30 15:02:50.627404+00"
"38,7,97e4a302-a73a-4706-be72-c78d8b88f6b5,1hm3G6uPp57r69rgT4XeIQa2iF6p87u1L,Rate limit exceeded for creating file subscriptions.,2026-05-30 15:02:52.627221+00"
"39,7,8e774391-9d14-434e-ab94-5c206647d5fa,1lee3z1qJ9bcfpTzZk58TlOaCTVNtCIY9,Rate limit exceeded for creating file subscriptions.,2026-05-30 15:02:54.427707+00"
"40,7,76dc6f2e-1171-4a5d-a9e8-c7f8064d20ca,1YctCUZScSP1JkkpCr6fxlpYMd-Z9dq8x,Rate limit exceeded for creating file subscriptions.,2026-05-30 15:02:55.627966+00"
"41,7,afe88930-aa9c-46d3-b83f-a05c462db323,1-b6RGtQopT0zR8h8vbsm6NomfB8ijF8R,Rate limit exceeded for creating file subscriptions.,2026-05-30 15:02:58.727732+00"
"42,7,a980074a-3654-4a93-8e2f-2488df5a18a3,10-u4Gd8gYY8zydSrCvH2ToiQElhTZmgZ,Rate limit exceeded for creating file subscriptions.,2026-05-30 15:03:00.027391+00"
"43,7,3263ef39-ed76-43d9-9f77-1d60552c445f,1tY4MKh4x_lYUAkza3FfqpfEkZ2KVzaJo,Rate limit exceeded for creating file subscriptions.,2026-05-30 15:03:01.227911+00"
"44,7,e9bf6b42-63be-41f7-9a40-cb2dd2976e6b,1qYCGNrBFkJcJ1QtnItIjcJz1Zc9Ea3OM,Rate limit exceeded for creating file subscriptions.,2026-05-30 15:03:02.827535+00"
"45,7,9e0045e3-fd77-45ce-8461-30004480a078,1xAsZ6f0w-bFOi0tHgidnvWzGBO-Z8roW,Rate limit exceeded for creating file subscriptions.,2026-05-30 15:03:04.127351+00"
"46,7,5918871f-b9a4-4c77-bc94-221b2619478a,1GkRcGo6xm50ydMdecsNU168CGJXa-UBe,Rate limit exceeded for creating file subscriptions.,2026-05-30 15:03:05.62671+00"
"47,7,3895b3f1-04f0-4f4a-953c-c323861cba27,1pTPvxVk1JeHFLf4pNf2hjnAT0j3rfkfD,Rate limit exceeded for creating file subscriptions.,2026-05-30 15:03:06.827589+00"
"48,7,a874bf64-d335-47c8-8b64-0390443052c4,1vrXxzp25E7iX54IHz_tX9wObkY3vaXVM,Rate limit exceeded for creating file subscriptions.,2026-05-30 15:03:08.927862+00"
"49,7,2b0c335f-9f76-429c-b789-a41698952384,1j3xM4qwHDE6WcD7kZQgzFacPpbhXDno6,Rate limit exceeded for creating file subscriptions.,2026-05-30 15:03:10.526666+00"
"50,7,1f07a514-764c-4dce-8282-4d409c86245e,1DausJusoKfdvbBzMx7Oq54IFVhfGPFjQ,Rate limit exceeded for creating file subscriptions.,2026-05-30 15:03:12.127651+00"
"51,7,7232df95-eadc-4535-b4a7-f9ef976943df,1iwGKZqVVch2YXCgAqJAk-L5DhdtxvWkJ,Rate limit exceeded for creating file subscriptions.,2026-05-30 15:03:13.52758+00"
"52,7,1d988283-73cc-461b-9aed-0cb6b9318221,1EbhgPStE5tQWcLRjfNltchifhjnOu4wH,Rate limit exceeded for creating file subscriptions.,2026-05-30 15:03:15.029365+00"
"53,7,d76f2037-485b-45d6-81b2-01820a5f3be0,17yqpEivczrHp1F6Lf1d-hOVp6dNeOrh6,Rate limit exceeded for creating file subscriptions.,2026-05-30 15:03:16.827675+00"
"54,7,a3789abe-3e4e-4bd4-8e6f-0d7b237b5f18,15iEbLbCcxr7KR2UgVfDQ5Fr1S9xQXEuR,Rate limit exceeded for creating file subscriptions.,2026-05-30 15:03:18.627014+00"
"55,7,27a2f356-8d64-4950-a775-c58c3e287b02,1y7i-eUd5V6-GfoFUgBQ1hFLad-dLCjNk,Rate limit exceeded for creating file subscriptions.,2026-05-30 15:03:20.328213+00"
"56,7,47523df8-f1f0-4a9b-adf0-d6056ca8fbd1,10JAhALEU6dfWQGe3oLzSzqukJXGbLHfr,Rate limit exceeded for creating file subscriptions.,2026-05-30 15:03:21.627868+00"
"57,7,d92553fc-d5ea-4346-8af0-135ad82d0d22,1OvL5aj2paUVXrgNdCqCMMBfU9ntuysFJ,Rate limit exceeded for creating file subscriptions.,2026-05-30 15:04:09.826221+00"
"58,7,2f578670-9f56-4db3-ac5c-32a590ce54f8,11Qi2KvaA-_k6Wtjn5d-IqV1tF8jXHlsX,Rate limit exceeded for creating file subscriptions.,2026-05-30 15:04:11.725719+00"
"59,7,c3b34c03-f911-4e5e-9856-2381a4096842,1XNguAefGZBoaDxcZ_TPEQsy8atUChI6k,Rate limit exceeded for creating file subscriptions.,2026-05-30 15:04:14.527601+00"
"60,7,934e791f-269b-4586-acb9-6f063e90482f,1P-POHHdwHA3I2wAVuc23bmtVBasusUKV,Rate limit exceeded for creating file subscriptions.,2026-05-30 15:04:16.527269+00"
"61,7,1def40ea-4629-4cb0-98f2-1ae280e9bf2e,1M91uhorl90l9tq7PMnp_bDRnFE-vr2pe,Rate limit exceeded for creating file subscriptions.,2026-05-30 15:04:18.226214+00"
"62,7,2e4d93f1-c912-4208-8969-401d4e0331d5,1fqEZ6DkDif-gkc7wBFuOSzU1YVX_Hh_A,Rate limit exceeded for creating file subscriptions.,2026-05-30 15:04:19.42716+00"
"63,7,b9c59d05-a644-4bf2-9cc6-e446a8f4294f,1DNZG1cG2Q0c3HXnUhaJ29auXSf_3Og5O,Rate limit exceeded for creating file subscriptions.,2026-05-30 15:04:20.92734+00"
"64,7,7f1937c3-8f11-43fc-8cd7-dbddcf5f40cb,16APJipBmvfrvf2wod_FpygSrfxr_v6VK,Rate limit exceeded for creating file subscriptions.,2026-05-30 15:04:23.227169+00"
"65,7,e9696f6e-e780-426c-ac90-6e18167e7214,1aMOAEI_GtJXJdXtPrhdWkO2IunWmLx-U,Rate limit exceeded for creating file subscriptions.,2026-05-30 15:04:25.227105+00"
"66,7,45ef67c3-3cb8-4d1f-b645-6f401be87129,1Hd2WoJNdgWROnRR7q3nyBQQOPT2DseT_,Rate limit exceeded for creating file subscriptions.,2026-05-30 15:04:26.927616+00"
"67,7,b4167896-e514-45e7-960a-5b00b9604eb3,1RwW6IzgRGaxEJIWKmbHX__uZX2Bs8gdm,Rate limit exceeded for creating file subscriptions.,2026-05-30 15:04:28.726299+00"
"68,8,903b9881-41bc-4500-882b-e3eb4cab7aea,1yTldmRyY8vx4mWe2SlENgdOv9HSGBitm,Rate limit exceeded for creating file subscriptions.,2026-05-30 15:04:30.227197+00"
"69,8,52289686-c889-4f4b-ac25-7d3b8fb2f4a6,1kQqZa3-68tY6MRvpTS0dw4QzxQyRTBT-,Rate limit exceeded for creating file subscriptions.,2026-05-30 15:04:31.827173+00"
"70,8,c3db946e-eb7c-4032-8b7c-98daea7a8d1d,1CPbtL1HffDur9c1CrEayAaqxZNy-3gio,Rate limit exceeded for creating file subscriptions.,2026-05-30 15:04:34.12733+00"
"71,8,a2742d2c-f268-41d7-820e-e1fde7c686a8,1AiVWuSDxNURZJxTaTp8PCfVxIgRL31RO,Rate limit exceeded for creating file subscriptions.,2026-05-30 15:04:36.027161+00"
"72,8,e1313aca-5399-4d7d-852f-ba38da8e5dfe,153vQRVlAqRDq-QUI353DcVhU0K6pVAmt,Rate limit exceeded for creating file subscriptions.,2026-05-30 15:04:37.927657+00"
"73,8,9c7196ed-2a19-4bb4-a61e-85a37da15b9b,10c5QHwyxi8oZ_VPuqGf2STDoSdm-dD7E,Rate limit exceeded for creating file subscriptions.,2026-05-30 15:04:39.725538+00"
"74,8,29393aab-85a5-4dc9-b495-b8e3322ba553,1ZqQf705CmkysY9Y8lCpw9CfzGMmvYRYS,Rate limit exceeded for creating file subscriptions.,2026-05-30 15:04:41.425729+00"
"75,8,ae52d143-ddee-4318-9414-02ca87f6d2a0,1Wtoe48_Unig414jPXRgSCdE_wUL4OV0K,Rate limit exceeded for creating file subscriptions.,2026-05-30 15:04:43.027131+00"
"76,8,e0bfeda7-1805-4790-9789-78aef40d865a,1UkjBCmb78R_UFmb04tRDFiYG4GUGRxHz,Rate limit exceeded for creating file subscriptions.,2026-05-30 15:04:44.725868+00"
"77,8,cfcc4ee1-f64f-45e5-b50b-782b67e37fac,1ROmUBqXEFtvXw04NIAx-DEwJ_9jHEHCT,Rate limit exceeded for creating file subscriptions.,2026-05-30 15:04:46.326234+00"
"78,8,6b7309ad-1ed4-4f8b-b607-7a033dce86e4,17VLI_2Waee8wiveFW6LzoAm8kVsk4qsb,Rate limit exceeded for creating file subscriptions.,2026-05-30 15:04:47.827787+00"
"79,8,a614f38b-e545-49fa-8c93-cd0b0f9e2439,1jMSIwpMoihX_9fTX1laCqDkSKakI07yh,Rate limit exceeded for creating file subscriptions.,2026-05-30 15:04:49.228658+00"
"80,8,e0360959-6bb7-4cb9-a08d-4301911c742a,1Z33aBq-_9PTq1QLHNheqCuR0CmXAIs8a,Rate limit exceeded for creating file subscriptions.,2026-05-30 15:04:51.025471+00"
"81,8,336a338f-2754-4263-a577-c1cb80f47d20,1OBbClg_2dMcgc6HhQimpGRCKRs40_z9P,Rate limit exceeded for creating file subscriptions.,2026-05-30 15:04:52.927816+00"
"82,8,01cb2661-3150-41f7-bfa5-d8e3c66ab497,15QYpD4Kb_iGu9fWC-cv9lfyDBZnTikL6,Rate limit exceeded for creating file subscriptions.,2026-05-30 15:04:55.226952+00"
"83,8,e3090460-6780-4f5e-af19-81609a0e47b3,1zLBCOt_FeYvJ7CgS0ZoUE06fM4L2pgRn,Rate limit exceeded for creating file subscriptions.,2026-05-30 15:04:56.427374+00"
"84,8,a24ab260-346a-47a4-a024-4dd6d4d4b046,18adHmdIC3KXjkPEIZ5b90QgteHWdRLTW,Rate limit exceeded for creating file subscriptions.,2026-05-30 15:04:58.226634+00"
"85,8,aba69511-dca2-479d-a674-bdd74314893f,1xAOJEOMl_iMPqJ0Ytz6GVkA7MFZioFMo,Rate limit exceeded for creating file subscriptions.,2026-05-30 15:04:59.427162+00"
"86,8,6a7b4cfd-b9ce-4324-a775-8d5a3ed9e462,18s3FMi-WTkNwrRH4fk8n2uVlW87PVQjh,Rate limit exceeded for creating file subscriptions.,2026-05-30 15:05:00.627404+00"
"87,7,b7977fea-1331-414c-b23f-26da0dc898ea,1-cL-eDyN7ffeyyxEnUlCenq8ZM2ow8Hc,Rate limit exceeded for creating file subscriptions.,2026-06-04 15:11:32.622895+00"
"88,7,304c30f7-482c-4344-8355-3be2624015f6,1xAsZ6f0w-bFOi0tHgidnvWzGBO-Z8roW,Rate limit exceeded for creating file subscriptions.,2026-06-04 15:11:33.310042+00"
"89,7,31e32389-2b7f-4ee1-b9cd-5a93774cf3d4,1-f1A-Gm9hm5t-jBW8Q-fky-FhPmasaiS,Rate limit exceeded for creating file subscriptions.,2026-06-04 15:11:33.419756+00"
"90,7,810ab6d3-f160-45e0-ab57-4689b5a9c043,1KxDr1c1WHVkB0e5R7nR9irpmHHltEyzL,Rate limit exceeded for creating file subscriptions.,2026-06-04 15:11:34.120485+00"
"91,7,798ae61b-50aa-4f17-a1f4-21dbcccc9f29,1KZ8bLj2HexXAlnhxFQJ-EXRsgu86tl2Y,Rate limit exceeded for creating file subscriptions.,2026-06-04 15:11:35.018178+00"
"92,7,ec885a3e-a0d7-4e5c-b60e-b04c4d65508a,1GkRcGo6xm50ydMdecsNU168CGJXa-UBe,Rate limit exceeded for creating file subscriptions.,2026-06-04 15:11:35.110279+00"
"93,7,88842d5e-e3c0-45cb-a929-62bb02ea591b,1GgCikz-cPalMeQjQIzqcP9p-XJZi_a_S,Rate limit exceeded for creating file subscriptions.,2026-06-04 15:11:35.919259+00"
"94,7,afa81bce-bb4c-4f1b-8225-c0fb6ddea4c2,1s0oyme60P4L7_-mD6Y5GxSGp6VOHXh3e,Rate limit exceeded for creating file subscriptions.,2026-06-04 15:11:36.919561+00"
"95,7,4cb927e5-73d9-4fde-9b8c-fafa70484e9e,1pTPvxVk1JeHFLf4pNf2hjnAT0j3rfkfD,Rate limit exceeded for creating file subscriptions.,2026-06-04 15:11:37.607306+00"
"98,7,893c5b46-9563-45c4-ba51-b6dce94b900a,1j3xM4qwHDE6WcD7kZQgzFacPpbhXDno6,Rate limit exceeded for creating file subscriptions.,2026-06-04 15:11:41.409017+00"
"99,7,ac68bec1-5e62-4340-9b7f-70eb8d215c00,1DausJusoKfdvbBzMx7Oq54IFVhfGPFjQ,Rate limit exceeded for creating file subscriptions.,2026-06-04 15:11:43.109537+00"
"100,7,6f873217-1298-4bd0-8fc9-9c10b42d806f,1iwGKZqVVch2YXCgAqJAk-L5DhdtxvWkJ,Rate limit exceeded for creating file subscriptions.,2026-06-04 15:11:44.908569+00"
"101,7,faa5c9c8-c134-474e-a49b-d336f09ee324,1EbhgPStE5tQWcLRjfNltchifhjnOu4wH,Rate limit exceeded for creating file subscriptions.,2026-06-04 15:11:47.009464+00"
"102,7,905fa804-a8c9-4d5f-8e97-b671c78fb8fc,17yqpEivczrHp1F6Lf1d-hOVp6dNeOrh6,Rate limit exceeded for creating file subscriptions.,2026-06-04 15:11:49.008204+00"
"103,7,b537d635-000b-4171-84a9-2985030c8726,1y7i-eUd5V6-GfoFUgBQ1hFLad-dLCjNk,Rate limit exceeded for creating file subscriptions.,2026-06-04 15:11:53.009198+00"
"104,7,f146a660-fa89-4489-943a-3872937ccc2e,10JAhALEU6dfWQGe3oLzSzqukJXGbLHfr,Rate limit exceeded for creating file subscriptions.,2026-06-04 15:11:54.809408+00"
"105,7,fc2cc342-fcb3-424a-a24c-b9b65741ea84,1OvL5aj2paUVXrgNdCqCMMBfU9ntuysFJ,Rate limit exceeded for creating file subscriptions.,2026-06-04 15:11:56.609103+00"
"106,7,467dd331-e31a-401c-b001-46a02c74dca9,11Qi2KvaA-_k6Wtjn5d-IqV1tF8jXHlsX,Rate limit exceeded for creating file subscriptions.,2026-06-04 15:11:58.708577+00"
"107,7,628b5b9b-44aa-4277-9bb7-fa9efa0f037c,1XNguAefGZBoaDxcZ_TPEQsy8atUChI6k,Rate limit exceeded for creating file subscriptions.,2026-06-04 15:12:01.109806+00"
"108,7,5e01a19d-64dd-4af3-a3ee-c9fd6f1430e9,1P-POHHdwHA3I2wAVuc23bmtVBasusUKV,Rate limit exceeded for creating file subscriptions.,2026-06-04 15:12:02.608617+00"
"109,7,185ebca4-f67f-4891-b92d-fb9696c4feb5,1M91uhorl90l9tq7PMnp_bDRnFE-vr2pe,Rate limit exceeded for creating file subscriptions.,2026-06-04 15:12:04.109106+00"
"110,7,45216829-d324-4fd1-a5c4-06acfda0f1f5,1fqEZ6DkDif-gkc7wBFuOSzU1YVX_Hh_A,Rate limit exceeded for creating file subscriptions.,2026-06-04 15:12:05.709711+00"
"111,7,3a0e1f3d-9d64-41b1-83a2-f46f475cdacb,1DNZG1cG2Q0c3HXnUhaJ29auXSf_3Og5O,Rate limit exceeded for creating file subscriptions.,2026-06-04 15:12:07.608814+00"
"112,7,1c48deea-52c9-4d2d-ae61-65b61846a3b6,16APJipBmvfrvf2wod_FpygSrfxr_v6VK,Rate limit exceeded for creating file subscriptions.,2026-06-04 15:12:09.009406+00"
"113,7,b87b4986-1a5c-4b94-ac3a-de1969d2ef07,1qCMXax3nph2z2mA8UK2qGTd6p8JY5NA1,Rate limit exceeded for creating file subscriptions.,2026-06-04 15:12:10.209121+00"
"114,7,c2b3f3d6-044b-49c3-829d-e8906d069794,1GNaxQRPYA0Pbvy7C1qlPF5yh-PYYPt02,Rate limit exceeded for creating file subscriptions.,2026-06-04 15:12:12.409367+00"
"115,7,b2821450-be26-41c5-a5f4-4a1cd5858036,1x2ASN6tntyHeogPCi6OpGqrWgqIDXkTd,Rate limit exceeded for creating file subscriptions.,2026-06-04 15:12:13.812595+00"
"116,7,04efce28-7c01-4812-8578-0c5c3d96a1b4,1OMErvKx1NSPkdZdtBXExgvVh4WUW5EFF,Rate limit exceeded for creating file subscriptions.,2026-06-04 15:12:15.009394+00"
"117,7,6d5d8f9c-2870-408b-b1e0-3b2ae9416fd7,15x38kn3GhF2Lhs-PsU1zdKot8HzgLhtm,Rate limit exceeded for creating file subscriptions.,2026-06-04 15:12:17.90731+00"
"118,7,00d172ac-13d9-40e3-8a07-552126f696aa,1nkyCM-cyylWPNFMqDB2EZ7C8uz0lKnP6,Rate limit exceeded for creating file subscriptions.,2026-06-04 15:12:19.309027+00"
"119,7,067c3bef-2efb-493a-9dbc-34db01f2c89b,1s3BGzLVDMbTEfAdifS4jb15k3YFIX75m,Rate limit exceeded for creating file subscriptions.,2026-06-04 15:12:20.509405+00"
"120,7,a00ed0c3-a3ed-4bb0-9970-4f76fb01194e,12vlTNpHcmvHkIaGYhI_myl3m6JkgLnDy,Rate limit exceeded for creating file subscriptions.,2026-06-04 15:12:21.909026+00"
"121,7,53bc2d6e-5671-4d6e-b0ac-2f62c748ad68,1G1InrE95a3qbdW5aBceSt69ToczScbWs,Rate limit exceeded for creating file subscriptions.,2026-06-04 15:12:23.309262+00"
"122,7,1acec6c1-5e8f-4bc9-8a72-3e06da1666e7,1IX8hGvKruGdNTxOt2Wiq777Ml4l7dRLX,Rate limit exceeded for creating file subscriptions.,2026-06-04 15:12:24.608623+00"
"123,7,a5f82e59-0133-437d-9333-823bba94880d,1Y2an0UELMe546kUYnSwfainLV0t7tibf,Rate limit exceeded for creating file subscriptions.,2026-06-04 15:12:26.008538+00"
"124,7,dccbd1e7-bd5f-4781-a2d8-2d491d4ac23f,1DhB1EpPU19gVx-52TYt7hqLOBCWkyqOy,Rate limit exceeded for creating file subscriptions.,2026-06-04 15:12:28.008044+00"
"125,7,28ec1ef5-d442-40b7-beae-16ec6898fc49,17Wa1xulqmpCyLZZaYzgU0euMHS816DRU,Rate limit exceeded for creating file subscriptions.,2026-06-04 15:12:29.208965+00"
"126,7,88c8ac71-5b6b-47ac-9cf7-ba1e637b0749,1ZVhPsV42n2soqhGLs2eQvRo8CS_9DYeH,Rate limit exceeded for creating file subscriptions.,2026-06-04 15:12:31.109352+00"
"127,7,c96b7f4e-2e52-4071-8b19-ff3b1238128a,1EuYAO1QV96gRNnEFnufzh0wMne_O7HoV,Rate limit exceeded for creating file subscriptions.,2026-06-04 15:12:32.409311+00"
"128,7,9aeb7753-34ed-4e2e-b8a0-3819796d36b2,1X9GADIF-9K6FbYI6fXTkxT3OFZD4Q-ri,Rate limit exceeded for creating file subscriptions.,2026-06-04 15:12:34.107194+00"
"96,7,b6901679-770d-4eb1-aa28-0a20eb1de6ef,1n3Bq1gbPvwK1fYN0vJYJskCYLlkok5vC,Rate limit exceeded for creating file subscriptions.,2026-06-04 15:11:38.518778+00"
"97,7,f089262a-de59-4f16-b5a4-092fee0e152c,1G9eYPkn2uHK65rleapc1DY3bSgFT5ZWB,Rate limit exceeded for creating file subscriptions.,2026-06-04 15:11:39.518816+00"
"129,7,34bc2270-9eee-49a8-b9bc-c7b0a3c75633,1-lfDzZ7tfuMtJHmmsO-rsvVOWCvMKYVj,Rate limit exceeded for creating file subscriptions.,2026-06-04 15:12:35.50789+00"
"130,7,6174cfe4-5057-4350-ac85-b34c36bdd8bc,1hm3G6uPp57r69rgT4XeIQa2iF6p87u1L,Rate limit exceeded for creating file subscriptions.,2026-06-04 15:12:36.708907+00"
"131,8,7ec7075e-3cec-4da5-8246-b498956231be,1k-6zDGqWC_FOdm9n3LguuZAvhdv1vvJo,Rate limit exceeded for creating file subscriptions.,2026-06-04 15:12:38.809992+00"
"132,8,239a7f94-6c3f-4263-b51a-a2ed1c24a51c,1fKzUp1hv7YRaZV4XJJehkY6wAmFeElgu,Rate limit exceeded for creating file subscriptions.,2026-06-04 15:12:40.308678+00"
"133,8,7441557a-2b92-4894-9bc1-e579f1cf402d,1xjSGK3JDIjsglWONIhF0f_dkJaWeNwr1,Rate limit exceeded for creating file subscriptions.,2026-06-04 15:12:41.909295+00"
"134,8,5492ac9b-1aad-4fe8-811e-3d2d84d6f0da,14Szmdlx_I2urM1kgx3KlYJoB0Hk8xumC,Rate limit exceeded for creating file subscriptions.,2026-06-04 15:12:43.108772+00"
"135,8,289ce270-b32f-46f7-8c54-293b0253dee1,1kHRt5PJTUA-_KfrqH_QjdNg9B9kT6VN0,Rate limit exceeded for creating file subscriptions.,2026-06-04 15:12:44.709694+00"
"136,8,daed17f9-e8be-4b6d-a9e6-23edb9ebee77,12R9EfpiP7aPvt4fJoSo7ZVL7mOzfvskj,Rate limit exceeded for creating file subscriptions.,2026-06-04 15:12:46.209894+00"
"137,8,e5fcb73e-4410-4aeb-84b0-ca2b4c84712d,1Jq7Hsp5TEiZ42_XnMLJJby_DXzDy2NJj,Rate limit exceeded for creating file subscriptions.,2026-06-04 15:12:47.90946+00"
"138,8,2bbed9f7-8c84-47f2-a261-b12a03af8fdc,1F_smJtjU9qTusnza93luN6eOFMkVVw0p,Rate limit exceeded for creating file subscriptions.,2026-06-04 15:12:49.609049+00"
"139,8,703acc59-921e-4169-8340-9dd8030ae697,15vM0Zl2UAoyVJjE4k_IFYB0439XGs13K,Rate limit exceeded for creating file subscriptions.,2026-06-04 15:12:51.10869+00"
"140,8,beec1239-d2fd-4029-96f4-952eec8617dd,1uNwCM3JQQOUjbUqoxt-Icd8vW2gRdbfj,Rate limit exceeded for creating file subscriptions.,2026-06-04 15:12:52.609259+00"
"141,8,7b958d63-1157-4b0c-b39f-aaea15678b67,14swBKjNzfz_-lHJYYi97yQdBnuCI0LAI,Rate limit exceeded for creating file subscriptions.,2026-06-04 15:12:54.108761+00"
"142,8,3b9fc195-55a2-43a0-b2ce-b81794cd6f6a,1D90SGVeVqd10O82IM_haf8_ndpaM8_0R,Rate limit exceeded for creating file subscriptions.,2026-06-04 15:12:55.209002+00"
"143,8,b06cf74a-1231-479b-8d6a-b166b8eeace1,10pUY3YXzFEPAj0Qwa5pzxqsRBYLDxPsW,Rate limit exceeded for creating file subscriptions.,2026-06-04 15:12:56.209469+00"
"144,8,93f9825b-c35f-4164-8c21-040e6615d860,19sBh0oG31EGNqZ0EdOhwSGxNAtz7tSag,Rate limit exceeded for creating file subscriptions.,2026-06-04 15:12:57.809139+00"
"145,8,00b7d8fa-73c3-4e89-9dcb-eb145d0312e2,1qFw4aFd0sIzKTNa1Rz76SE55kXKD5hol,Rate limit exceeded for creating file subscriptions.,2026-06-04 15:13:30.107896+00"
"146,8,6e6d6f48-71eb-4b43-9228-5b76f8177d2f,1kRpI44q8ARmf7aIS2ytdlHD8AKK6tUSy,Rate limit exceeded for creating file subscriptions.,2026-06-04 15:13:32.407821+00"
"147,7,bb3234fc-dc71-4659-a8c1-04b3541282ad,19shWwim8zijjO5fLWzuyT8VTI4WxV5ng,Rate limit exceeded for creating file subscriptions.,2026-06-04 15:13:33.608524+00"
"148,7,bc4075fb-4caa-49d6-8105-f5f7f994d124,1LcTYQceEBAop-IK79LQEMuU-x-W00kW_,Rate limit exceeded for creating file subscriptions.,2026-06-04 15:13:35.10984+00"
"149,7,831f369b-d55b-4eae-9f8b-6e8ed3cd62eb,1cAvEOdqEpAI52vtEflkeIUd_9xDzLUka,Rate limit exceeded for creating file subscriptions.,2026-06-04 15:13:37.209393+00"
"150,7,f537801b-5ccf-459e-bffa-7bf3ddbc4bf5,1BTk5U37H3lVlPEVWkm2wD1bl9wyqf1iQ,Rate limit exceeded for creating file subscriptions.,2026-06-04 15:13:39.109672+00"
"151,7,2da51caa-81a2-4822-8a1f-cc79b691cec2,1j_SF8Zwb3RJ8dYqOXNgqYCowXt3up8HU,Rate limit exceeded for creating file subscriptions.,2026-06-04 15:13:41.008089+00"
"152,7,bd35ee40-9ce9-4474-9c07-b1eacdc2ffc6,1ykWGfoqxiLMeIJGmCuliv6vVtFEM0YbM,Rate limit exceeded for creating file subscriptions.,2026-06-04 15:13:42.712067+00"
"153,7,24d5e44e-7642-4612-9b82-49ba302c7a49,1STY8P3gO-hBJeaLbvHHzzULpXoCTY2ZQ,Rate limit exceeded for creating file subscriptions.,2026-06-04 15:13:44.209245+00"
"154,7,d35abb4f-cd1d-466c-a9d9-7a8cc277464e,1XHPJBN9u33PdojEYcxuqA_RLbyVX_G4L,Rate limit exceeded for creating file subscriptions.,2026-06-04 15:13:45.508976+00"
"155,7,be6c90d5-c89f-456c-b847-cd37ac2241ba,1-OGiV_uuCk-1neXePMbfbBkLlX5axsEH,Rate limit exceeded for creating file subscriptions.,2026-06-04 15:13:47.608944+00"
"156,7,b06a16dd-e48f-4450-be06-f577c0c1be80,1K7wOZq5pwDh9s71H9pEl2OaXwUbK_vmT,Rate limit exceeded for creating file subscriptions.,2026-06-04 15:13:49.109889+00"
"157,7,1c1f1d95-6499-403b-8a0d-77b0a269ef60,1-E27B5zNZKPsiUzzOTYoDqoYA-P6eTcH,Rate limit exceeded for creating file subscriptions.,2026-06-04 15:13:50.807368+00"
"158,7,f64a96b6-1afc-4f5d-99cd-88f672f262f1,1dnAxK9w2WJ4UXZYRHqyWuHvnT5BNK2sQ,Rate limit exceeded for creating file subscriptions.,2026-06-04 15:13:52.409924+00"
"159,7,16a7aca5-26be-444b-8250-81da57b9b9e1,1dZ8_vzqMwgTABejE7xo-O6Qxf6YIUfZ3,Rate limit exceeded for creating file subscriptions.,2026-06-04 15:13:54.008748+00"
"160,7,f0552d95-7f97-4b91-9cc3-dd87b9e4ba30,1GIZgwk6294OoDGIA5VfyPxU2JmhFZasP,Rate limit exceeded for creating file subscriptions.,2026-06-04 15:13:55.308867+00"
"161,7,90cf65ab-98ae-498a-a540-282de15cb923,168LYfA_FV6r8gHz2TXpIfQZvDGT7bOeD,Rate limit exceeded for creating file subscriptions.,2026-06-04 15:13:56.609374+00"
"162,7,468e9179-7b19-4a8d-980a-ad11935a0622,10lswJtObm8opN98gi0KMqwRo69spsJKp,Rate limit exceeded for creating file subscriptions.,2026-06-04 15:13:58.309369+00"
"163,7,34a22798-b3f4-4138-8606-6faf4eadca05,1ppKDgVTHgFXLn8_v0KPEsm71FyBp-xun,Rate limit exceeded for creating file subscriptions.,2026-06-04 15:14:00.109582+00"
"164,7,db0c0340-784e-404f-b32c-3df4b7eedbe9,1FhCp1cr8pR4BmePEXigro4vw2vuVc-OR,Rate limit exceeded for creating file subscriptions.,2026-06-04 15:14:01.909036+00"
"165,7,53b98188-64f2-4567-866c-b89f3533e345,1Pw2lCfme7W7PAcynFaSYZkHBvut2LILy,Rate limit exceeded for creating file subscriptions.,2026-06-04 15:14:03.309297+00"
"166,7,2effb389-b1e3-48d6-b3f0-3357426ce905,1jCCZ-zyttpK436kRPiHxA2iQteatMUYg,Rate limit exceeded for creating file subscriptions.,2026-06-04 15:14:05.007755+00"
"167,7,06ba6ef1-d526-4c6e-88f3-687a8cf10a1f,1qCMXax3nph2z2mA8UK2qGTd6p8JY5NA1,Rate limit exceeded for creating file subscriptions.,2026-06-04 15:14:06.608993+00"
"168,7,5db57ea3-4774-4ee2-810d-a200fdc47b97,1j_SF8Zwb3RJ8dYqOXNgqYCowXt3up8HU,Rate limit exceeded for creating file subscriptions.,2026-06-04 15:14:08.107837+00"
"169,7,b141250a-28e4-4552-923a-3bbeb2ade74c,1ykWGfoqxiLMeIJGmCuliv6vVtFEM0YbM,Rate limit exceeded for creating file subscriptions.,2026-06-04 15:14:10.31013+00"
"170,7,f4054938-49d8-4fde-a36e-784346e18603,1STY8P3gO-hBJeaLbvHHzzULpXoCTY2ZQ,Rate limit exceeded for creating file subscriptions.,2026-06-04 15:14:12.810329+00"
"171,7,951cf375-1bcf-4635-a4db-2848b5a2ec42,1XHPJBN9u33PdojEYcxuqA_RLbyVX_G4L,Rate limit exceeded for creating file subscriptions.,2026-06-04 15:14:14.209123+00"
"172,7,23ea24a5-ec71-406e-b975-ff56b0f156e4,1-OGiV_uuCk-1neXePMbfbBkLlX5axsEH,Rate limit exceeded for creating file subscriptions.,2026-06-04 15:14:18.810442+00"
"173,7,c0d2496b-4f16-4e65-8f67-0fbafb3f7240,1K7wOZq5pwDh9s71H9pEl2OaXwUbK_vmT,Rate limit exceeded for creating file subscriptions.,2026-06-04 15:14:20.309245+00"
"174,7,95baeb14-9c88-45cc-af75-c02b677b33a7,1-E27B5zNZKPsiUzzOTYoDqoYA-P6eTcH,Rate limit exceeded for creating file subscriptions.,2026-06-04 15:14:21.909492+00"
"175,7,125572a7-8885-4b9f-b561-34e79f9915a5,1dnAxK9w2WJ4UXZYRHqyWuHvnT5BNK2sQ,Rate limit exceeded for creating file subscriptions.,2026-06-04 15:14:23.60896+00"
"176,7,98af88c2-6493-472e-bdfc-dadd080c1d34,1dZ8_vzqMwgTABejE7xo-O6Qxf6YIUfZ3,Rate limit exceeded for creating file subscriptions.,2026-06-04 15:14:24.809675+00"
"177,7,d7fccad0-2145-42af-ac6d-d31c96f932ef,1GIZgwk6294OoDGIA5VfyPxU2JmhFZasP,Rate limit exceeded for creating file subscriptions.,2026-06-04 15:14:26.608795+00"
"178,7,4d60a5bf-6bb0-4425-a06e-913320323f20,168LYfA_FV6r8gHz2TXpIfQZvDGT7bOeD,Rate limit exceeded for creating file subscriptions.,2026-06-04 15:14:28.007331+00"
"179,7,1d6ef181-8d53-45fb-807e-5c7be5fbad0d,10lswJtObm8opN98gi0KMqwRo69spsJKp,Rate limit exceeded for creating file subscriptions.,2026-06-04 15:14:29.110773+00"
"180,7,555c0c3d-422d-4e57-aabb-c3d213428246,1ppKDgVTHgFXLn8_v0KPEsm71FyBp-xun,Rate limit exceeded for creating file subscriptions.,2026-06-04 15:14:31.107842+00"
"181,7,f8fd3538-ce09-48c6-b3ac-69a4a19d91da,1FhCp1cr8pR4BmePEXigro4vw2vuVc-OR,Rate limit exceeded for creating file subscriptions.,2026-06-04 15:14:32.408423+00"
"182,7,34c0f580-d15a-4a51-a847-cbd21cab1ff2,1Pw2lCfme7W7PAcynFaSYZkHBvut2LILy,Rate limit exceeded for creating file subscriptions.,2026-06-04 15:14:34.20768+00"
"183,7,2ac42a12-9a4c-44f1-aed3-7be207e683d5,1jCCZ-zyttpK436kRPiHxA2iQteatMUYg,Rate limit exceeded for creating file subscriptions.,2026-06-04 15:14:35.408638+00"
"184,7,86c6f4d7-6534-474a-8d7d-2678f9cde2ab,1GNaxQRPYA0Pbvy7C1qlPF5yh-PYYPt02,Rate limit exceeded for creating file subscriptions.,2026-06-04 15:14:36.809021+00"
"185,7,7e94136a-74b8-4ad9-96d9-3a800d355b4a,1x2ASN6tntyHeogPCi6OpGqrWgqIDXkTd,Rate limit exceeded for creating file subscriptions.,2026-06-04 15:14:38.108845+00"
"186,7,3e351caa-fb9b-45cf-8ab3-c8f7bc664a14,1OMErvKx1NSPkdZdtBXExgvVh4WUW5EFF,Rate limit exceeded for creating file subscriptions.,2026-06-04 15:14:39.508434+00"
"187,7,addf7fea-18c4-4948-9e78-f2ba384cb7bf,15x38kn3GhF2Lhs-PsU1zdKot8HzgLhtm,Rate limit exceeded for creating file subscriptions.,2026-06-04 15:14:41.009906+00"
"188,7,ea818029-a290-4292-bc92-dad10356398f,1nkyCM-cyylWPNFMqDB2EZ7C8uz0lKnP6,Rate limit exceeded for creating file subscriptions.,2026-06-04 15:14:42.809216+00"
"189,7,4b3b01d9-a2da-4b78-8ff4-3d6fc2433c68,1s3BGzLVDMbTEfAdifS4jb15k3YFIX75m,Rate limit exceeded for creating file subscriptions.,2026-06-04 15:14:44.609486+00"
"190,7,72c4dddc-989d-4c6b-b5d2-b2d7afff511e,12vlTNpHcmvHkIaGYhI_myl3m6JkgLnDy,Rate limit exceeded for creating file subscriptions.,2026-06-04 15:14:45.70914+00"
"191,7,04908b1c-39ed-4ad3-8b9b-d6c71821f09d,1G1InrE95a3qbdW5aBceSt69ToczScbWs,Rate limit exceeded for creating file subscriptions.,2026-06-04 15:14:47.109439+00"
"192,7,c1959180-d775-4080-9946-1ebddf623ace,1IX8hGvKruGdNTxOt2Wiq777Ml4l7dRLX,Rate limit exceeded for creating file subscriptions.,2026-06-04 15:14:48.709861+00"
"193,7,b7977fea-1331-414c-b23f-26da0dc898ea,1-cL-eDyN7ffeyyxEnUlCenq8ZM2ow8Hc,Rate limit exceeded for creating file subscriptions.,2026-06-04 15:14:50.108784+00"
"194,7,31e32389-2b7f-4ee1-b9cd-5a93774cf3d4,1-f1A-Gm9hm5t-jBW8Q-fky-FhPmasaiS,Rate limit exceeded for creating file subscriptions.,2026-06-04 15:14:51.509482+00"
"195,7,810ab6d3-f160-45e0-ab57-4689b5a9c043,1KxDr1c1WHVkB0e5R7nR9irpmHHltEyzL,Rate limit exceeded for creating file subscriptions.,2026-06-04 15:14:52.809125+00"
"196,7,798ae61b-50aa-4f17-a1f4-21dbcccc9f29,1KZ8bLj2HexXAlnhxFQJ-EXRsgu86tl2Y,Rate limit exceeded for creating file subscriptions.,2026-06-04 15:14:54.208893+00"
"197,7,88842d5e-e3c0-45cb-a929-62bb02ea591b,1GgCikz-cPalMeQjQIzqcP9p-XJZi_a_S,Rate limit exceeded for creating file subscriptions.,2026-06-04 15:14:55.410001+00"
"198,7,afa81bce-bb4c-4f1b-8225-c0fb6ddea4c2,1s0oyme60P4L7_-mD6Y5GxSGp6VOHXh3e,Rate limit exceeded for creating file subscriptions.,2026-06-04 15:14:56.708845+00"
"199,7,b6901679-770d-4eb1-aa28-0a20eb1de6ef,1n3Bq1gbPvwK1fYN0vJYJskCYLlkok5vC,Rate limit exceeded for creating file subscriptions.,2026-06-04 15:14:58.009178+00"
"200,7,f089262a-de59-4f16-b5a4-092fee0e152c,1G9eYPkn2uHK65rleapc1DY3bSgFT5ZWB,Rate limit exceeded for creating file subscriptions.,2026-06-04 15:14:59.408707+00"
"201,7,b7977fea-1331-414c-b23f-26da0dc898ea,1-cL-eDyN7ffeyyxEnUlCenq8ZM2ow8Hc,Rate limit exceeded for creating file subscriptions.,2026-06-04 15:32:48.230339+00"
"202,7,31e32389-2b7f-4ee1-b9cd-5a93774cf3d4,1-f1A-Gm9hm5t-jBW8Q-fky-FhPmasaiS,Rate limit exceeded for creating file subscriptions.,2026-06-04 15:32:51.829818+00"
"203,7,810ab6d3-f160-45e0-ab57-4689b5a9c043,1KxDr1c1WHVkB0e5R7nR9irpmHHltEyzL,Rate limit exceeded for creating file subscriptions.,2026-06-04 15:32:54.029438+00"
"204,7,798ae61b-50aa-4f17-a1f4-21dbcccc9f29,1KZ8bLj2HexXAlnhxFQJ-EXRsgu86tl2Y,Rate limit exceeded for creating file subscriptions.,2026-06-04 15:32:57.229255+00"
"205,7,88842d5e-e3c0-45cb-a929-62bb02ea591b,1GgCikz-cPalMeQjQIzqcP9p-XJZi_a_S,Rate limit exceeded for creating file subscriptions.,2026-06-04 15:32:59.629728+00"
"206,7,afa81bce-bb4c-4f1b-8225-c0fb6ddea4c2,1s0oyme60P4L7_-mD6Y5GxSGp6VOHXh3e,Rate limit exceeded for creating file subscriptions.,2026-06-04 15:33:01.929845+00"
"207,7,b6901679-770d-4eb1-aa28-0a20eb1de6ef,1n3Bq1gbPvwK1fYN0vJYJskCYLlkok5vC,Rate limit exceeded for creating file subscriptions.,2026-06-04 15:33:04.131779+00"
"208,7,f089262a-de59-4f16-b5a4-092fee0e152c,1G9eYPkn2uHK65rleapc1DY3bSgFT5ZWB,Rate limit exceeded for creating file subscriptions.,2026-06-04 15:33:06.229372+00"
"209,7,b7977fea-1331-414c-b23f-26da0dc898ea,1-cL-eDyN7ffeyyxEnUlCenq8ZM2ow8Hc,Rate limit exceeded for creating file subscriptions.,2026-06-04 16:00:15.356455+00"
"210,7,31e32389-2b7f-4ee1-b9cd-5a93774cf3d4,1-f1A-Gm9hm5t-jBW8Q-fky-FhPmasaiS,Rate limit exceeded for creating file subscriptions.,2026-06-04 16:00:18.422075+00"
"211,7,810ab6d3-f160-45e0-ab57-4689b5a9c043,1KxDr1c1WHVkB0e5R7nR9irpmHHltEyzL,Rate limit exceeded for creating file subscriptions.,2026-06-04 16:00:20.122627+00"
"212,7,798ae61b-50aa-4f17-a1f4-21dbcccc9f29,1KZ8bLj2HexXAlnhxFQJ-EXRsgu86tl2Y,Rate limit exceeded for creating file subscriptions.,2026-06-04 16:00:23.021625+00"
"213,7,88842d5e-e3c0-45cb-a929-62bb02ea591b,1GgCikz-cPalMeQjQIzqcP9p-XJZi_a_S,Rate limit exceeded for creating file subscriptions.,2026-06-04 16:00:24.622278+00"
"214,7,afa81bce-bb4c-4f1b-8225-c0fb6ddea4c2,1s0oyme60P4L7_-mD6Y5GxSGp6VOHXh3e,Rate limit exceeded for creating file subscriptions.,2026-06-04 16:00:26.720785+00"
"215,7,b6901679-770d-4eb1-aa28-0a20eb1de6ef,1n3Bq1gbPvwK1fYN0vJYJskCYLlkok5vC,Rate limit exceeded for creating file subscriptions.,2026-06-04 16:00:28.421496+00"
"216,7,f089262a-de59-4f16-b5a4-092fee0e152c,1G9eYPkn2uHK65rleapc1DY3bSgFT5ZWB,Rate limit exceeded for creating file subscriptions.,2026-06-04 16:00:30.021374+00"
"217,7,b7977fea-1331-414c-b23f-26da0dc898ea,1-cL-eDyN7ffeyyxEnUlCenq8ZM2ow8Hc,Rate limit exceeded for creating file subscriptions.,2026-06-04 16:10:03.20814+00"
"218,7,31e32389-2b7f-4ee1-b9cd-5a93774cf3d4,1-f1A-Gm9hm5t-jBW8Q-fky-FhPmasaiS,Rate limit exceeded for creating file subscriptions.,2026-06-04 16:10:03.901597+00"
"219,7,810ab6d3-f160-45e0-ab57-4689b5a9c043,1KxDr1c1WHVkB0e5R7nR9irpmHHltEyzL,Rate limit exceeded for creating file subscriptions.,2026-06-04 16:10:06.101376+00"
"220,7,798ae61b-50aa-4f17-a1f4-21dbcccc9f29,1KZ8bLj2HexXAlnhxFQJ-EXRsgu86tl2Y,Rate limit exceeded for creating file subscriptions.,2026-06-04 16:10:08.901129+00"
"221,7,88842d5e-e3c0-45cb-a929-62bb02ea591b,1GgCikz-cPalMeQjQIzqcP9p-XJZi_a_S,Rate limit exceeded for creating file subscriptions.,2026-06-04 16:10:10.600716+00"
"222,7,afa81bce-bb4c-4f1b-8225-c0fb6ddea4c2,1s0oyme60P4L7_-mD6Y5GxSGp6VOHXh3e,Rate limit exceeded for creating file subscriptions.,2026-06-04 16:10:12.001049+00"
"223,7,b6901679-770d-4eb1-aa28-0a20eb1de6ef,1n3Bq1gbPvwK1fYN0vJYJskCYLlkok5vC,Rate limit exceeded for creating file subscriptions.,2026-06-04 16:10:13.900343+00"
"224,7,f089262a-de59-4f16-b5a4-092fee0e152c,1G9eYPkn2uHK65rleapc1DY3bSgFT5ZWB,Rate limit exceeded for creating file subscriptions.,2026-06-04 16:10:16.001379+00"