"id,profile_id,generated_by_admin_id,title,description,priority,status,admin_notes,sent_at,client_completed_at,admin_completed_at,created_at"
"3,54,staff,Please navigate through the Folder Structure for familiarity ,Please navigate through the Folder Structure for familiarity in the Drive Folders section,medium,completed,,2026-05-19 19:18:36.498+00,2026-05-20 01:28:03.89+00,,2026-05-19 19:18:36.639279+00"
"1,54,staff,Upload Demographics Related Documents,""Go to Drive Folders in the Menu. In your Folders, you will notice a folder called """"Demographics"""". Please upload all Demographics related documents such as Passport, H1 visa copy, i797A (if any), Drivers License. Please note, all documents are securely transported and securely stored."",medium,completed,,2026-05-19 19:15:26.394+00,2026-05-20 01:52:11.696+00,,2026-05-19 19:15:26.546996+00"
"2,54,staff,Educational Certificates,""Please upload all educational certificates, (academic, non academic and vocational) in the Educational Certificates folder in your drive."",medium,completed,,2026-05-19 19:16:56.562+00,2026-05-20 01:52:14.207+00,,2026-05-19 19:16:56.731834+00"
"4,54,staff,Research Papers,""Please upload all evidence related to your IEEE research papers, including URLs, publishing emails, IEEE copyright email in the Research Papers sub folder in the Evidence folder"",high,completed,,2026-05-20 14:25:34.747+00,2026-05-20 16:14:47.705+00,,2026-05-20 14:25:34.88691+00"
"5,55,staff,Uploaded Documents to Demographics Folder,Please upload the following documents (1) Latest Resume (2) Copy of current Passport and Drivers License (3) Copy of latest visa stamp or i797A or C (4)  Copy of approved i140 if available (5) Evidence of Priority Date.,medium,sent,,2026-06-03 02:35:13.854+00,,,2026-06-03 02:35:14.063712+00"
"6,55,staff,Upload Educational Certificates,""Please upload all Educational Certificates to the """"Educational Certificates"""" folder. Please include all academic and non academic certificates"",high,sent,,2026-06-03 02:37:10.201+00,,,2026-06-03 02:37:10.212687+00"
"8,55,staff,Google Scholar Account,""Please create a Google Scholar Account.  Leave educational institute and related fields empty. Search and select your IEEE published paper. Once completed, please make profile public and provide the link back. If google scholar account already exist, please revert with your public profile URL."",medium,sent,,2026-06-03 02:40:46.944+00,,,2026-06-03 02:40:47.160665+00"
"10,52,staff,Google Scholar Account,""Please create a Google Scholar Account.  Leave educational institute and related fields empty. Search and select your published paper, if you are able to find it. Once completed, please make profile public and provide the link back. If google scholar account already exist, please revert with your public profile URL."",medium,sent,,2026-06-03 02:41:37.645+00,,,2026-06-03 02:41:37.657145+00"
"11,51,staff,Google Scholar Account,""Please create a Google Scholar Account.  Leave educational institute and related fields empty. Search and select your published paper, if you are able to find it. Once completed, please make profile public and provide the link back. If google scholar account already exist, please revert with your public profile URL."",medium,sent,,2026-06-03 02:41:50.765+00,,,2026-06-03 02:41:50.777107+00"
"9,53,staff,Google Scholar Account,""Please create a Google Scholar Account.  Leave educational institute and related fields empty. Search and select your published paper, if you are able to find it. Once completed, please make profile public and provide the link back. If google scholar account already exist, please revert with your public profile URL."",medium,completed,Client note: Here is the public URL - https://scholar.google.com/citations?user=OLU-l64AAAAJ&hl=en,2026-06-03 02:41:24.501+00,2026-06-03 13:19:36.155+00,,2026-06-03 02:41:24.705423+00"
"7,54,staff,Google Scholar Account,""Please create a Google Scholar Account.  Leave educational institute and related fields empty. Search and select your IEEE published paper. Once completed, please make profile public and provide the link back. If google scholar account already exist, please revert with your public profile URL."",high,completed,Client note: I have added the link in the word format document. In evidence folder.,2026-06-03 02:40:30.265+00,2026-06-03 16:06:03.802+00,,2026-06-03 02:40:30.276561+00"
"12,54,staff,IEEE Membership,""Please obtain IEEE membership. Once signed up, please upload the membership card to the Memberships folder in the """"Well Positioned xxxx folder"""""",medium,completed,Client note: Updated the membership card,2026-06-03 17:36:33.541+00,2026-06-03 17:49:09.008+00,,2026-06-03 17:36:33.692876+00"